<?xml version="1.0" encoding="UTF-8"?>
<preferences xmlns="http://www.demandware.com/xml/impex/preferences/2007-03-31">
    <custom-preferences>
        <development>
            <preference preference-id="coveoApiKey">xx1cc8c439-8fd2-4606-910b-c2147902a8ae</preference>
            <preference preference-id="coveoSearchApiKey">xx98439989-b683-4afa-81d4-cedbcaae01c9</preference>
            <preference preference-id="coveoAtomicCSSURL">https://static.cloud.coveo.com/atomic/v2/themes/coveo.css</preference>
            <preference preference-id="coveoAtomicJSURL">https://static.cloud.coveo.com/atomic/v2/atomic.esm.js</preference>
            <preference preference-id="coveoCatalogLastSync">2023-04-28T14:49:23.863+0000</preference>
            <preference preference-id="coveoChunkModeEnabled">true</preference>
            <preference preference-id="coveoEnabled">true</preference>
            <preference preference-id="coveoOrganizationId">rafteronesfcccartridge9ssat9ey</preference>
            <preference preference-id="coveoSearchEnabled">true</preference>
            <preference preference-id="coveoSourceId">rafteronesfcccartridge9ssat9ey-vg42jwnubgaucoctfzv5252ix4</preference>
            <preference preference-id="coveoSearchHub">SFRA-SearchHub</preference>
            <preference preference-id="coveoSearchResponseFields">
                <value>ec_productid</value>
                <value>ec_sfraquickview</value>
                <value>ec_rating</value>
                <value>ec_swatch</value>
                <value>ec_color</value>
            </preference>
        </development>
    </custom-preferences>
</preferences>

