<?xml version="1.0" encoding="UTF-8"?>
<preferences xmlns="http://www.demandware.com/xml/impex/preferences/2007-03-31">
    <custom-preferences>
        <development>
            <preference preference-id="coveoApiKey">xxcb1a8dfd-14aa-48b6-937c-4c2af2aa81a8</preference>
            <preference preference-id="coveoSearchApiKey">xxe64d6d01-0fcb-4cfe-b591-5659293f3f5b</preference>
            <preference preference-id="coveoAtomicCSSURL">https://static.cloud.coveo.com/atomic/v2/themes/coveo.css</preference>
            <preference preference-id="coveoAtomicJSURL">https://static.cloud.coveo.com/atomic/v2/atomic.esm.js</preference>
            <preference preference-id="coveoCatalogLastSync">2023-04-10T00:00:00.000+0000</preference>
            <preference preference-id="coveoChunkModeEnabled">true</preference>
            <preference preference-id="coveoEnabled">true</preference>
            <preference preference-id="coveoOrganizationId">rafteronesfcccartridge9ssat9ey</preference>
            <preference preference-id="coveoSearchEnabled">true</preference>
            <preference preference-id="coveoSourceId">rafteronesfcccartridge9ssat9ey-wczfvrakyf4zcic7g6miarcpwi</preference>
            <preference preference-id="coveoSearchHub">SG-SearchHub</preference>
            <preference preference-id="coveoSearchResponseFields">
                <value>ec_productid</value>
                <value>ec_sgquickview</value>
                <value>ec_rating</value>
                <value>ec_swatch</value>
                <value>ec_color</value>
            </preference>
        </development>
    </custom-preferences>
</preferences>

