<?xml version="1.0" encoding="UTF-8"?>
<jobs xmlns="http://www.demandware.com/xml/impex/jobs/2015-07-01">
    <job job-id="coveoProductExportFull" priority="0">
        <description/>
        <parameters/>
        <split sequential="false">
            <contexts template-ref="template_79">
                <context site-id="RefArch"/>
                <context site-id="SiteGenesis"/>
            </contexts>
            <flow-template template-id="template_79">
                <step step-id="ExportProductsToCoveo" type="custom.coveo.coveoProductExportFull" enforce-restart="false">
                    <description/>
                    <parameters>
                        <parameter name="srcFolder">/src/coveo/feeds/products/</parameter>
                        <parameter name="archivePath">/src/coveo/feeds/products/archive</parameter>
                        <parameter name="deleteFile">false</parameter>
                    </parameters>
                </step>
            </flow-template>
        </split>
        <rules>
            <on-running runtime-threshold="60m" enabled="false">
                <mark-job-as-hanging/>
            </on-running>
        </rules>
        <triggers>
            <run-once enabled="false">
                <date>2023-05-18Z</date>
                <time>12:09:00.000Z</time>
            </run-once>
        </triggers>
    </job>

    <job job-id="coveoProductExportDelta" priority="0">
        <description/>
        <parameters/>
        <split sequential="false">
            <contexts template-ref="template_94">
                <context site-id="RefArch"/>
                <context site-id="SiteGenesis"/>
            </contexts>
            <flow-template template-id="template_94">
                <step step-id="ExportProductsToCoveo" type="custom.coveo.coveoProductExportDelta" enforce-restart="false">
                    <description/>
                    <parameters>
                        <parameter name="srcFolder">/src/coveo/feeds/products/</parameter>
                        <parameter name="archivePath">/src/coveo/feeds/products/archive</parameter>
                        <parameter name="deleteFile">false</parameter>
                    </parameters>
                </step>
            </flow-template>
        </split>
        <rules>
            <on-running runtime-threshold="60m" enabled="false">
                <mark-job-as-hanging/>
            </on-running>
        </rules>
        <triggers>
            <run-once enabled="false">
                <date>2023-05-18Z</date>
                <time>12:13:00.000Z</time>
            </run-once>
        </triggers>
    </job>

</jobs>
